MA101,4
PH100,4
CY100,4
BE100,4
BE110,3
BE10101,3
BE10102,3
BE10103,3
BE10104,3
BE10105,3
BE10106,3
BE103,3
CE100,3
ME100,3
EE100,3
EC100,3
PH110,1
CY110,1
CE110,1
ME110,1
EE110,1
EC110,1
CS110,1
CH110,1
MA102,4
BE102,3
CS100,3
CS120,1
MA201,4
ME211,4
ME200,4
ME205,4
AO201,3
HS200,3
HS210,3
ME230,1
CE230,1
MA202,4
AO202,4
AO204,4
AO206,3
AO208,3
AO232,1
AO234,1
AO301,4
AO303,3
AO305,3
AO307,3
AO309,3
AO341,2
AO331,1
AO333,1
AO302,4
AO304,3
ME322,3
AO306,3
HS300,3
AO332,1
AO334,1
AO352,2
AO401,4
AO403,3
AO405,3
AO407,3
AO409,3
AO451,2
AO431,1
AO402,3
AO404,3
AO492,6
EC201,4
EC203,4
EC205,4
EC207,3
EC231,1
EC230,1
MA204,4
AE202,4
EC204,4
AE204,4
EE216,3
EC232,1
AE232,1
AE301,4
AE303,3
AE305,3
AE307,3
AE341,2
EE337,1
AE302,4
AE304,3
AE306,3
AE312,3
AE308,3
AE332,1
AE334,1
AE352,2
AE401,4
AE403,3
AE405,3
AE407,3
AE409,3
AE451,2
AE431,1
AE402,3
AE410,3
AE492,6
ME201,4
AU201,4
AU203,3
AU202,4
AU204,4
AU206,3
AU208,3
AU232,1
AU234,1
ME307,4
ME309,3
ME311,3
EE311,3
AU307,3
AU341,2
ME333,1
ME335,1
ME302,4
ME304,3
ME314,3
AU302,3
ME332,1
AU332,1
AU352,2
AU401,4
AU403,3
AU405,3
AU407,3
AU409,3
AU451,2
AU431,1
AU402,3
AU404,3
AU492,6
BM201,4
BM203,4
BM207,4
IC207,3
BM231,1
IC233,1
BM202,4
BM204,4
IC206,3
BM232,1
BM234,1
BM301,4
BM303,3
BM305,3
BM307,3
BM341,2
BM331,1
BM333,1
BM302,4
BM304,3
BM306,3
BM308,3
BM312,3
BM332,1
BM334,1
BM352,2
BM401,4
BM403,3
BM405,3
BM407,3
BM409,3
BM451,2
BM431,1
BM402,3
BM404,3
BM492,6
BT201,4
BT203,4
BT205,4
BT207,3
BT231,1
BT233,1
MA206,4
BT202,4
BT204,4
BT206,3
BT208,3
BT232,1
BT234,1
BT301,4
BT303,3
BT305,3
BT307,3
BT309,3
BT341,2
BT331,1
BT333,1
BT302,4
BT304,3
BT306,3
BT308,3
BT332,1
BT334,1
BT352,2
BT401,4
BT403,3
BT405,3
BT407,3
BT409,3
BT451,2
BT431,1
BT402,3
BT404,3
BT492,6
CH201,4
CH203,4
CH205,4
CH207,3
CH231,1
CH233,1
CH202,4
CH204,4
CH206,3
CH208,3
CH232,1
CH234,1
CH301,4
CH303,3
CH305,3
CH307,3
CH341,3
CH331,2
CH333,1
CH302,1
CH304,4
CH306,3
CH308,3
CH312,3
CH332,1
CH334,1
CH352,2
CH401,4
CH403,3
CH405,3
CH407,3
CH409,3
CH451,2
CH431,1
CH402,3
CH404,3
CH492,6
CE201,4
CE203,4
CE205,4
CE207,3
CE231,1
CE233,1
CE202,4
CE204,4
CE206,3
CE208,3
CE232,1
CE234,1
CE301,4
CE303,3
CE305,3
CE307,3
CE309,3
CE341,2
CE331,1
CE333,1
CE302,4
CE304,3
CE306,3
CE308,3
CE332,1
CE334,1
CE352,2
CE401,4
CE403,3
CE405,3
CE407,3
CE409,3
CE451,2
CE431,1
CE402,3
CE404,3
CE492,6
CS201,4
CS203,4
CS205,4
CS207,3
CS231,1
CS233,1
CS202,4
CS204,4
CS206,3
CS208,3
CS232,1
CS234,1
CS301,4
CS303,3
CS305,3
CS307,3
CS309,3
CS341,2
CS331,1
CS333,1
CS302,4
CS304,3
CS306,3
CS308,3
CS332,1
CS334,1
CS352,2
CS401,4
CS403,3
CS405,3
CS407,3
CS409,3
CS451,2
CS431,1
CS402,3
CS404,3
CS492,6
EE201,4
EE203,4
EE205,4
EE207,3
EE231,1
EE233,1
EE202,4
EE204,4
EE206,3
EE208,3
EE232,1
EE234,1
EE301,4
EE303,3
EE305,3
EE307,3
EE309,3
EE341,2
EE331,1
EE333,1
EE302,4
EE304,3
EE306,3
EE308,3
EE332,1
EE334,1
EE352,2
EE401,4
EE403,3
EE405,3
EE407,3
EE409,3
EE451,2
EE431,1
EE402,3
EE404,3
EE492,6
BM205,4
BM233,1
BM206,3
BM208,3
BM309,3
EC233,1
EC202,4
EC206,3
EC208,3
EC234,1
EC301,4
EC303,3
EC305,3
EC307,3
EC309,3
EC341,2
EC331,1
EC333,1
EC302,4
EC304,3
EC306,3
EC308,3
EC332,1
EC334,1
EC352,2
EC401,4
EC403,3
EC405,3
EC407,3
EC409,3
EC451,2
EC431,1
EC402,3
EC404,3
EC492,6
FT201,4
FT203,4
FT205,4
FT207,3
FT231,1
FT233,1
FT202,4
FT204,4
FT206,3
FT208,3
FT232,1
FT234,1
FT301,4
FT303,3
FT305,3
FT307,3
FT309,3
FT341,2
FT331,1
FT333,1
FT302,4
FT304,3
FT306,3
FT308,3
FT332,1
FT334,1
FT352,2
FT401,4
FT403,3
FT405,3
FT407,3
FT409,3
FT451,2
FT431,1
FT402,3
FT404,3
FT492,6
ME207,4
ME209,4
ME213,3
ME235,1
MA208,4
ME218,4
ME222,4
IE202,3
ME220,3
ME232,1
IE232,1
IE301,4
ME303,3
IE303,3
IE305,3
IE341,2
ME337,1
IE331,1
IE302,4
IE304,3
IE306,3
IE308,3
IE312,3
IE332,1
IE334,1
IE352,2
IE401,4
IE403,3
IE405,3
IE407,3
IE409,3
IE451,2
IE431,1
IE402,3
IE404,3
IE492,6
IT201,4
IT203,3
IT231,1
IT202,4
IT204,3
IT232,1
IT234,1
IT301,4
IT303,3
IT305,3
IT307,3
IT341,2
IT331,1
IT333,1
IT302,4
IT304,3
IT306,3
IT332,1
IT334,1
IT352,2
IT401,4
IT403,3
IT405,3
IT407,3
IT409,3
IT451,2
IT431,1
IT402,3
IT404,3
IT492,6
IC201,4
IC203,4
IC202,4
IC208,3
IC234,1
IC301,4
IC303,3
IC305,3
IC307,3
IC309,3
IC341,2
IC331,1
IC333,1
IC302,4
IC304,3
IC306,3
IC308,3
IC332,1
IC334,1
IC352,2
IC401,4
IC403,3
IC405,3
IC407,3
IC409,3
IC451,2
IC431,1
IC402,3
IC404,3
IC492,6
ME203,4
ME210,3
ME231,1
ME202,4
ME204,4
ME206,3
ME301,4
ME305,3
ME341,2
ME331,1
ME306,3
ME308,3
ME312,3
ME352,2
ME401,4
ME403,3
ME405,3
ME407,3
ME409,3
ME451,2
ME431,1
ME402,3
ME404,3
ME492,6
AU205,4
AU231,1
ME212,4
ME214,4
AU212,3
ME236,1
AU301,4
AU303,3
AU305,3
AU309,3
AU333,1
ME316,3
EE312,3
AU334,1
AU411,4
AU413,3
AU415,3
AU433,1
AU406,3
AU410,3
MP231,1
MP212,4
ME216,4
MP206,3
MP208,3
MP232,1
MP301,3
MP305,3
MP341,2
MP331,1
ME339,1
MP302,4
EE336,1
MP352,2
MP403,3
MP405,3
MP407,3
MP451,2
MP431,1
MP404,3
MP492,6
MR201,4
MR205,3
MR202,3
MR301,4
MR303,3
MR305,3
MR307,3
MR341,2
MR331,1
MR333,1
MR302,4
MR304,3
MR306,3
MR308,3
MR332,1
MR334,1
MR352,2
MR401,4
MR403,3
MR405,3
MR407,3
MR409,3
MR451,2
MR431,1
MR402,3
MR404,3
MR492,6
MT201,4
MT203,4
MT205,3
MT231,1
MT233,1
MT202,4
MT204,4
MT206,3
MT208,3
MT232,1
MT234,1
MT301,4
MT303,3
MT305,3
MT307,3
MT341,2
MT331,1
MT333,1
MT302,4
MT304,3
MT306,3
MT308,3
MT312,3
MT332,1
MT334,1
MT352,2
MT401,4
MT403,3
MT405,3
MT407,3
MT409,3
MT451,2
MT431,1
MT402,3
MT404,3
MT492,6
SB201,4
SB203,4
SB205,4
SB207,3
ME237,1
SB231,1
SB202,4
SB204,4
SB206,3
EE214,3
SB232,1
ME238,1
SB301,4
SB303,3
SB305,3
SB307,3
SB309,3
SB341,2
EE339,1
SB331,1
SB302,4
SB304,3
SB306,3
SB308,3
SB332,1
CE336,1
SB352,2
SB401,4
SB403,3
SB405,3
SB407,3
SB409,3
SB451,2
SB431,1
SB402,3
SB404,3
SB492,6
MP201,4
ME233,1
MP202,4
MP204,4
MP303,3
MP333,1
ME318,4
MP332,1
MP401,4
MP402,3
FS201,4
FS203,4
FS205,3
FS231,1
FS202,4
EE212,3
FS208,3
EE236,1
FS301,4
FS303,3
FS305,3
FS307,3
FS309,3
FS341,2
FS331,1
FS302,4
FS304,3
FS306,3
FS308,3
FS332,1
FS334,1
FS352,2
FS401,4
FS403,3
FS405,3
FS407,3
FS409,3
FS451,2
FS431,1
FS402,3
FS404,3
FS492,6
AO361,3
AO363,3
AO365,3
ME367,3
AO367,3
AO362,3
AO364,3
AO366,3
AO368,3
AO461,3
AO463,3
AO465,3
AO467,3
AO462,3
AO464,3
AO466,3
AO468,3
AO472,3
AE361,3
EC361,3
AE363,3
AE365,3
EC360,3
AE362,3
AE364,3
AE366,3
AE368,3
AE461,3
AE463,3
AE465,3
AE467,3
EC370,3
AE462,3
AE464,3
AE466,3
AE468,3
AE472,3
AU361,3
AU363,3
AU365,3
ME369,3
AU362,3
AU364,3
AU366,3
ME368,3
ME374,3
AU461,3
AU463,3
AU465,3
AU462,3
AU464,3
AU466,3
AU468,3
AU472,3
BM361,3
BM363,3
BM365,3
IC365,3
BM362,3
BM364,3
BM366,3
BM372,3
BM411,3
BM463,3
BM467,3
EC467,3
BM462,3
BM464,3
BM466,3
BM468,3
BT361,3
BT363,3
BT365,3
BT367,3
BT362,3
BT364,3
BT366,3
BT368,3
BT461,3
BT463,3
BT465,3
BT467,3
BT462,3
BT464,3
BT466,3
BT468,3
CH361,3
CH363,3
CH365,3
CH367,3
CH369,3
CH371,3
CH362,3
CH364,3
CH366,3
CH368,3
CH372,3
CH374,3
CH461,3
CH463,3
CH465,3
CH467,3
CH469,3
CH471,3
CH462,3
CH464,3
CH466,3
CH468,3
CH472,3
CE361,3
CE362,3
CE363,3
CE364,3
CE365,3
CE366,3
CE367,3
CE368,3
CE369,3
CE370,3
CE371,3
CE372,3
CE373,3
CE374,3
CE461,3
CE462,3
CE463,3
CE464,3
CE465,3
CE466,3
CE467,3
CE468,3
CE469,3
CE470,3
CE471,3
CE472,3
CE473,3
CE474,3
CS361,3
CS362,3
CS363,3
CS364,3
CS365,3
CS366,3
CS367,3
CS368,3
CS369,3
CS370,3
CS371,3
CS372,3
CS373,3
CS374,3
CS461,3
CS462,3
CS463,3
CS464,3
CS465,3
CS466,3
CS467,3
CS468,3
CS469,3
CS470,3
CS471,3
CS472,3
CS473,3
CS474,3
EE361,3
EE362,3
EE363,3
EE364,3
EE365,3
EE366,3
EE367,3
EE368,3
EE369,3
EE370,3
EE371,3
EE372,3
EE373,3
EE374,3
EE461,3
EE462,3
EE463,3
EE464,3
EE465,3
EE466,3
EE467,3
EE468,3
EE469,3
EE470,3
EE471,3
EE472,3
EE473,3
EE474,3
BM367,3
BM368,3
BM369,3
BM370,3
BM371,3
BM373,3
BM374,3
BM461,3
BM465,3
BM469,3
BM470,3
BM471,3
BM472,3
BM473,3
BM474,3
EC362,3
EC363,3
EC364,3
EC365,3
EC366,3
EC367,3
EC368,3
EC369,3
EC371,3
EC372,3
EC373,3
EC374,3
EC461,3
EC462,3
EC463,3
EC464,3
EC465,3
EC466,3
EC468,3
EC469,3
EC470,3
EC471,3
EC472,3
EC473,3
EC474,3
FT361,3
FT362,3
FT363,3
FT364,3
FT365,3
FT366,3
FT367,3
FT368,3
FT369,3
FT370,3
FT371,3
FT372,3
FT373,3
FT374,3
FT461,3
FT462,3
FT463,3
FT464,3
FT465,3
FT466,3
FT467,3
FT468,3
FT469,3
FT470,3
FT471,3
FT472,3
FT473,3
FT474,3
IE361,3
IE362,3
IE363,3
IE364,3
IE365,3
IE366,3
IE367,3
IE368,3
IE369,3
IE370,3
IE371,3
IE372,3
IE373,3
IE374,3
IE461,3
IE462,3
IE463,3
IE464,3
IE465,3
IE466,3
IE467,3
IE468,3
IE469,3
IE470,3
IE471,3
IE472,3
IE473,3
IE474,3
MA361,3
IT361,3
IT362,3
IT363,3
IT364,3
IT365,3
IT366,3
IT367,3
IT368,3
IT369,3
IT370,3
IT371,3
IT372,3
IT373,3
IT374,3
IT461,3
IT462,3
IT463,3
IT464,3
IT465,3
IT466,3
IT467,3
IT468,3
IT469,3
IT470,3
IT471,3
IT472,3
IT473,3
IT474,3
IC361,3
IC362,3
IC363,3
IC364,3
IC366,3
IC367,3
IC368,3
IC369,3
IC370,3
IC371,3
IC372,3
IC373,3
IC374,3
IC461,3
IC462,3
IC463,3
IC464,3
IC465,3
IC466,3
IC467,3
IC468,3
IC469,3
IC470,3
IC471,3
IC472,3
IC473,3
IC474,3
ME361,3
ME362,3
ME363,3
ME364,3
ME365,3
ME366,3
ME370,3
ME371,3
ME372,3
ME373,3
ME461,3
ME462,3
ME463,3
ME464,3
ME465,3
ME466,3
ME467,3
ME468,3
ME469,3
ME470,3
ME471,3
ME472,3
ME473,3
ME474,3
AU367,3
AU368,3
AU369,3
AU370,3
AU371,3
AU372,3
AU373,3
AU374,3
AU467,3
AU469,3
AU470,3
AU471,3
AU473,3
AU474,3
MP361,3
MP362,3
MP363,3
MP364,3
MP365,3
MP366,3
MP367,3
MP368,3
MP369,3
MP370,3
MP371,3
MP372,3
MP373,3
MP374,3
MP461,3
MP462,3
MP463,3
MP464,3
MP465,3
MP466,3
MP467,3
MP468,3
MP469,3
MP470,3
MP471,3
MP472,3
MP473,3
MP474,3
MR361,3
MR362,3
MR363,3
MR364,3
MR365,3
MR366,3
MR367,3
MR368,3
MR369,3
MR370,3
MR371,3
MR372,3
MR373,3
MR374,3
MR461,3
MR462,3
MR463,3
MR464,3
MR465,3
MR466,3
MR467,3
MR468,3
MR469,3
MR470,3
MR471,3
MR472,3
MR473,3
MR474,3
MT361,3
MT362,3
MT363,3
MT364,3
MT365,3
MT366,3
MT367,3
MT368,3
MT369,3
MT370,3
MT371,3
MT372,3
MT373,3
MT374,3
MT461,3
MT462,3
MT463,3
MT464,3
MT465,3
MT466,3
MT467,3
MT468,3
MT469,3
MT470,3
MT471,3
MT472,3
MT473,3
MT474,3
SB361,3
SB362,3
SB363,3
SB364,3
SB365,3
SB366,3
SB367,3
SB368,3
SB369,3
SB370,3
SB371,3
SB372,3
SB373,3
SB374,3
SB461,3
SB462,3
SB463,3
SB464,3
SB465,3
SB466,3
SB467,3
SB468,3
SB469,3
SB470,3
SB471,3
SB472,3
SB473,3
SB474,3
FS361,3
FS362,3
FS363,3
FS364,3
FS365,3
FS366,3
FS367,3
FS368,3
FS369,3
FS370,3
FS371,3
FS372,3
FS373,3
FS374,3
FS461,3
FS462,3
FS463,3
FS464,3
FS465,3
FS466,3
FS467,3
FS468,3
FS469,3
FS470,3
FS471,3
FS472,3
FS473,3
FS474,3
AO482,3
AE482,3
AE484,3
AU484,3
AU486,3
BM482,3
BM484,3
CH482,3
CH484,3
CE482,3
CE484,3
CE486,3
CE488,3
CS482,3
CS484,3
CS486,3
CS488,3
EE482,3
EE484,3
EE486,3
EE488,3
EC482,3
FT482,3
FT484,3
FT486,3
IE482,3
IE484,3
IE486,3
IE488,3
IC482,3
IT482,3
MA482,3
MA484,3
MA486,3
MA488,3
ME482,3
MP482,3
MP484,3
MT482,3
MR482,3
FS482,3
SB482,3
HS482,3
EC335,1
EE335,1
AE331,1
